kolona,procenat_missing
AIAgentObsWrite,99.46257353988966
SOTagsWant Entry,99.12464629603241
SOTagsHaveEntry,99.0696822262484
AIModelsWantEntry,99.03507521934736
AIAgentOrchWrite,99.02896810048246
JobSatPoints_15_TEXT,98.64829102457098
AIAgentKnowWrite,98.442684689453
AIModelsHaveEntry,98.42232762657004
SO_Actions_15_TEXT,98.32461372473179
AIAgentExtWrite,98.25336400464141
CommPlatformWantEntr,97.59175946094497
CommPlatformHaveEntr,96.99733322476233
DatabaseWantEntry,96.8894407914826
OfficeStackWantEntry,96.7082629318242
TechOppose_15_TEXT,96.65126315575189
TechEndorse_13_TEXT,95.91230177310017
DevEnvWantEntry,95.70465973169391
DatabaseHaveEntry,95.62730289273863
OfficeStackHaveEntry,94.73362783217637
WebframeWantEntry,94.6542352869328
AIAgentObserveSecure,94.52191437819351
DevEnvHaveEntry,94.38145064430104
PlatformWantEntry,93.69745333143335
LanguagesWantEntry,93.59770372330681
WebframeHaveEntry,93.30252631150377
AIAgentKnowledge,93.07859861979114
AIAgentOrchestration,92.34574435600432
AIAgentImpactStrongly disagree,92.31317305539157
PlatformHaveEntry,91.95488874865134
LanguagesHaveEntry,91.90806750402052
AIAgentImpactSomewhat disagree,88.22547482849174
AgentUsesGeneral,88.192903527879
AIAgentImpactStrongly agree,86.39741058160129
AIAgentExternal,83.05070944364147
AIAgentChallengesStrongly disagree,81.05775298739898
AIAgentImpactNeutral,80.32489872361216
AIAgentImpactSomewhat agree,79.3681167681127
AIToolCurrently mostly AI,77.17973250819372
AIModelsAdmired,77.05351871831932
AIModelsWantToWorkWith,75.91352319687316
AIAgentChallengesSomewhat disagree,75.33538261099689
SOTagsAdmired,75.10534780041935
AIAgent_Uses,74.94656270993221
AIToolPlan to mostly use AI,73.94092380351363
SOTagsWantToWorkWith,72.36325143008366
WebframeAdmired,68.04551839260633
AIModelsHaveWorkedWith,66.89738004600696
DatabaseAdmired,64.81892392565601
WebframeWantToWorkWith,64.12474808134682
PlatformAdmired,63.75628524316511
SOTagsHaveWorkedWith,63.54864320175885
PlatformWantToWorkWith,60.51544083219673
DevEnvsAdmired,60.364798566862774
DatabaseWantToWorkWith,59.85994340736519
DevEnvsWantToWorkWith,58.08073611139385
AIToolCurrently partially AI,57.2440608269039
AIAgentChallengesNeutral,56.682205891334
AIAgentChallengesSomewhat agree,55.36306821651772
OfficeStackAsyncAdmired,54.837855994137165
AIOpen,54.155894387557765
AIToolPlan to partially use AI,54.133501618386504
SO_Dev_Content,53.545182501068744
CommPlatformAdmired,53.47189707469007
WebframeHaveWorkedWith,53.23982655782423
AIAgentChallengesStrongly agree,53.011827453535
OfficeStackAsyncWantToWorkWith,52.80622111841703
CommPlatformWantToWorkWith,52.50697229403741
LanguageAdmired,52.268794658306696
ConvertedCompYearly,51.289619933635976
PlatformHaveWorkedWith,50.666693809417175
SO_Actions_16,50.489587362335364
CompTotal,49.43509150499766
JobSatPoints_13,49.276306414510515
JobSatPoints_15,49.276306414510515
JobSatPoints_11,49.276306414510515
JobSatPoints_14,49.276306414510515
JobSatPoints_6,49.276306414510515
JobSatPoints_5,49.276306414510515
JobSatPoints_10,49.276306414510515
JobSatPoints_9,49.276306414510515
JobSatPoints_7,49.276306414510515
JobSatPoints_1,49.276306414510515
JobSatPoints_8,49.276306414510515
JobSatPoints_4,49.276306414510515
JobSatPoints_16,49.276306414510515
AIToolDon't plan to use AI for this task,48.378559941371655
DatabaseHaveWorkedWith,48.03248987236122
ToolCountPersonal,47.977525802577205
DevEnvsHaveWorkedWith,47.083850742014945
SO_Actions_3,46.581031288805654
SO_Actions_9,46.581031288805654
SO_Actions_1,46.581031288805654
SO_Actions_10,46.581031288805654
SO_Actions_7,46.581031288805654
SO_Actions_6,46.581031288805654
SO_Actions_5,46.581031288805654
SO_Actions_15,46.581031288805654
SO_Actions_4,46.581031288805654
AIExplain,45.92349815768581
JobSat,45.76267736091037
LanguageWantToWorkWith,44.92600207642041
ToolCountWork,43.85114915619974
AILearnHow,42.54422571911325
OpSysProfessional use,41.253587932333126
AIHuman,40.624554689249436
OfficeStackAsyncHaveWorkedWith,39.27488142010871
CommPlatformHaveWorkedWith,38.851454512142986
AIModelsChoice,38.50131303055595
SOFriction,37.375567453127864
DevEnvsChoice,36.78928404209841
WebframeChoice,36.55924923152087
PlatformChoice,36.418785497628406
OpSysPersonal use,36.10325102294241
AIFrustration,35.893573275247846
LanguageHaveWorkedWith,35.584145919426746
AIAgentChange,35.57600309427356
DatabaseChoice,35.551574618813994
SOComm,35.51289619933636
AIAgents,35.081326466217455
LanguageChoice,34.48079311116992
SOPartFreq,34.45025751684547
SODuration,33.64208212039167
SOVisitFreq,33.47311849846304
SOAccount,33.296012051381226
ICorPM,32.39215845937748
AIComplex,32.312765914133905
AIAcc,32.284266026097754
AISent,31.938195957087313
LearnCode,31.77126804144698
Industry,31.586018769211975
AISelect,31.425197972436536
RemoteWork,31.301019888850433
OrgSize,30.492844492396635
TechOppose_2,30.323880870468006
TechOppose_5,30.323880870468006
TechOppose_1,30.323880870468006
TechOppose_15,30.323880870468006
TechOppose_11,30.323880870468006
TechOppose_16,30.323880870468006
TechOppose_13,30.323880870468006
TechOppose_7,30.323880870468006
TechOppose_9,30.323880870468006
TechOppose_3,30.323880870468006
Country,27.931925981719356
Currency,27.931925981719356
NewRole,27.750748122060948
TechEndorse_5,26.830608879750827
TechEndorse_6,26.830608879750827
TechEndorse_2,26.830608879750827
TechEndorse_1,26.830608879750827
TechEndorse_4,26.830608879750827
TechEndorse_3,26.830608879750827
TechEndorse_8,26.830608879750827
TechEndorse_13,26.830608879750827
TechEndorse_7,26.830608879750827
TechEndorse_9,26.830608879750827
AIThreat,26.63110966349775
PurchaseInfluence,23.860513405125907
TechEndorseIntro,23.620300063106896
WorkExp,12.782199784215134
YearsCode,12.464629603240844
DevType,11.169920403884127
EmploymentAddl,8.759644158540805
LearnCodeAI,8.081753964537997
LearnCodeChoose,4.7269100014249945
EdLevel,2.1089917146754065
Employment,1.722207519899029
MainBranch,0.0
Age,0.0
ResponseId,0.0
